{
    "accuracy": 0.8,
    "precision": 0.6062992125984252,
    "recall": 0.506578947368421,
    "f1_score": 0.5519713261648745
}