{
    "accuracy": 0.9002525252525253,
    "precision": 0.7648320228734811,
    "recall": 0.7793153678077204,
    "f1_score": 0.772005772005772
}